{"911X7bM4yT2Mobv6BsMc+g==":"background8.jpg","703jGkvtoXpxbZTG7S89UA==":"features2.jpg","HUfpc9SvDwBk7sbVG2SgiA==":"features3.jpg","Cesjxe6cW0NYFSAP4kiRig==":"features1.jpg","WeIcOp+qLfFEPxVAXUUAEA==":"features4.jpg","Vb7GgbMoe0curpGYBParsg==":"background3.jpg","A8t/Qk+Ou4xv5a5Wd5WaIw==":"diet-695723.jpg","eboNKu488tqMxUbWXhZWxA==":"133058633-2521151341520814-366385665732225701-n.jpg","oRykAiO0rUD++7AmPeEwUg==":"background1.jpg","VCSyFgfB/o/tAcrk/AiZtg==":"sport-2250970.jpg","TIRn6BscFvyirFYFRbUogg==":"cat-814952.jpg","juk8ZwQIHb1uwgeBVEsm4g==":"women-lifting-weights.jpg","FViXiFIU8OO3pHanKIJB6g==":"pexels-photo-1308746.jpeg","A4P0qElegfiJ/vIri4AiNQ==":"yoga-2959226.jpg","PXz75fi+6yXVGXtrfsRGCg==":"training-828726.jpg","GjdwTGQhNeRy0oSFFkkOFQ==":"man-1282232.jpg","8iDTQcmTePExn19M7I5xQA==":"class2.jpg","//VPD1hi0qegYWo42UKu/Q==":"class1.jpg","Bt2xcMN06yXhNF8VsC4BWg==":"athlete-barbell.jpg","4bsbBfMUlNKgpl3E2NCi0g==":"pexels-photo-374694.jpeg","3m+e/7gLWeLhiRtu3xSp6Q==":"active-beautiful-beauty-866027.jpg","97kgkhw3T/6lWuC5VJD42g==":"class3.jpg","GI7NpFowKaO1tScEGkRRgA==":"bright-close-up-color-221247.jpg","IR50eEAa/gjv9e3Jv2cWTg==":"background5.jpg","rXekl5DjQi1vRbUISmB8UA==":"fitness-1348867.jpg","osxBQopCDfVf1MoprbsGLQ==":"transformation.jpg","CzEZrRcuzUpPYrk/jjj8JQ==":"aerobics.jpg","EPGomUUUV0aGdYaxzC49fw==":"sport-927760.jpg","s1KoNDmcSdUvp0BoKN/tGg==":"happy-women-showing-their-flexibility-1.jpg","JcDtk/AoRuwpUEZg2MJvyg==":"yoga-2959214.jpg","ikeRBWP6pyf9ReWaRZiNiw==":"active-activity-1.jpg","ENwKsLBx96i2V+8JcbQ2eQ==":"man-641692.jpg","cdZy6zwSpTYeDn2ICIo1gQ==":"man06.jpg","X0osxsfmXFEkC5gxbvRz4g==":"woman27-1.jpg","/KVebOQXR7tOv1ECXBlxsw==":"woman09.jpg","qcMoiskOBKDudPo9NWhYSQ==":"woman08.jpg","jLatkXu1hmCtEIHemQOKdQ==":"man16.jpg","9w3AtjihXBVaNn1dxTIghQ==":"woman20.jpg","a+7z5/M8qMF7+5O9y8YWOQ==":"decorative-fitness-concept.jpg","dF1VDJ+lT60hRYicF4x8gQ==":"fit-woman.jpg","elktrv6frtL+O40tNmELqQ==":"sport.jpg","FpPkz2ZkRnjrliUp4l+Vrw==":"active-arms-back-867453.jpg","7t3ml2jIbNRXDE0o+DV/+Q==":"yoga-woman.jpg","vTfELHa6loD/R7lHsI/+sw==":"yoga-2959213.jpg","292WUlcbz3BaxjGF3Vf5uQ==":"class4.jpg","UGYvDNnupDVbDlpK0bm07A==":"yoga-pair.jpg","PQgboI1i5wN2f4aMzQAQdg==":"woman07.jpg","vi96K87YRNVtW37JP10OWA==":"sportive-couple.jpg","CaxVlDill7LO5NhUiz9Zsg==":"dogoo-1.jpg","bZF0o/4cPSv3CwSeI1LGKg==":"instructor-1.jpg","jdC78oGkAfB+bOoA9xbIXQ==":"fitness-gym-equipment-dumbbells-with-towel-1.jpg","9/63jAlf7Vnv3kMp1nLSeQ==":"man-641691.jpg","RcfdiQJO1z7vAPlno/OeDg==":"scale-403585.jpg","/MIshn3eCWp3ubKxd9L5Jg==":"man-2037255.jpg","DjT1CpFxsgSBF1ART5z5Dg==":"belly-body.jpg","cuqTS3SpDQJu0YFuO2OkuA==":"pose6.jpg","E7wQSr9VF7p1AJ/xhBkIVg==":"man10.jpg","x0P+GsseYI64WCZzg1k1JA==":"untitled-artwork.jpg","DFuK+slxBg/TO9QixBY9Fw==":"young-2197492.jpg","v3hY+PGfY1td5+Q/+1tsmw==":"sport-927759.jpg","DVok/m8x5U+viwYxySCr6A==":"bodybuilder-331671.jpg","mHs8/vpnLCS1yg2hjG7sMQ==":"pexels-photo-669578.jpeg","9zPSfP3OEovOKvtVhJ0PBA==":"woman-weight.jpg","kl5NluVKdiyuUjvRD7oGDg==":"thao-le-hoang-732303-unsplash.jpg","79W0EIyu0oO9zmfspRE77w==":"man15.jpg","s2iaKXlctOlQwc0DKPJpjA==":"yoga1.jpg","awD7WTnaAWdIJ2Yt3dn8hw==":"appetite-bowl.jpg","rcC13Rgf42dDLKHRIx+n7Q==":"yoga.jpg","3f2mcsZZwU8LCGwYWp6bPQ==":"backlit-beach-dawn.jpg"}